<?xml version="1.0" encoding="utf-8" ?>
<dwsync>
<file name="contacts.png" server="C:/xamp" local="130352850092637162" remote="130352850090000000" />
<file name="contacts.png" server="C:/xamp/htdocs" local="130352850092637162" remote="130352850090000000" />
<file name="title_1.png" server="C:/xamp/htdocs" local="129658474240000000" remote="129658474240000000" />
<file name="bg_bubble.jpg" server="C:/xamp/htdocs" local="129658466740000000" remote="129658466740000000" />
<file name="menu_bg.png" server="C:/xamp/htdocs" local="129386976240000000" remote="129386976240000000" />
<file name="header.jpg" server="C:/xamp/htdocs" local="130359021495109975" remote="130359021490000000" />
<file name="back_content.png" server="C:/xamp/htdocs" local="129658470140000000" remote="129658470140000000" />
<file name="grey_top_box.png" server="C:/xamp/htdocs" local="129663447340000000" remote="129663447340000000" />
<file name="grey_bot_bg.png" server="C:/xamp/htdocs" local="129663447960000000" remote="129663447960000000" />
<file name="grey_bot_box.png" server="C:/xamp/htdocs" local="129663449120000000" remote="129663449120000000" />
<file name="ls.png" server="C:/xamp/htdocs" local="129394830060000000" remote="129394830060000000" />
<file name="read_more.png" server="C:/xamp/htdocs" local="129663432160000000" remote="129663432160000000" />
<file name="read_more2.png" server="C:/xamp/htdocs" local="129663432400000000" remote="129663432400000000" />
<file name="title_2.png" server="C:/xamp/htdocs" local="129658479200000000" remote="129658479200000000" />
<file name="title_3.png" server="C:/xamp/htdocs" local="129658481280000000" remote="129658481280000000" />
<file name="border.png" server="C:/xamp/htdocs" local="129663442980000000" remote="129663442980000000" />
<file name="message.png" server="C:/xamp/htdocs" local="129663457660000000" remote="129663457660000000" />
<file name="input.png" server="C:/xamp/htdocs" local="129663456940000000" remote="129663456940000000" />
<file name="gallery_bg.jpg" server="C:/xamp/htdocs" local="129414023840000000" remote="129414023840000000" />
<file name="ls2.png" server="C:/xamp/htdocs" local="129663444220000000" remote="129663444220000000" />
<file name="cal_icon.jpg" server="C:/xamp/htdocs" local="129414787420000000" remote="129414787420000000" />
<file name="user_icon.png" server="C:/xamp/htdocs" local="129663459540000000" remote="129663459540000000" />
<file name="com_icon.png" server="C:/xamp/htdocs" local="129663458820000000" remote="129663458820000000" />
<file name="top_left.png" server="C:/xamp/htdocs" local="129318324000000000" remote="129318324000000000" />
<file name="top_right.png" server="C:/xamp/htdocs" local="129318324000000000" remote="129318324000000000" />
<file name="uwezo_header.png" server="C:/xamp/htdocs" local="130352703291980521" remote="130352703290000000" />
<file name="s1.jpg" server="C:/xamp/htdocs" local="130352856141853158" remote="130352856140000000" />
<file name="s2.jpg" server="C:/xamp/htdocs" local="130352856141793154" remote="130352856140000000" />
<file name="s3.jpg" server="C:/xamp/htdocs" local="130352856144503309" remote="130352856140000000" />
<file name="s4.jpg" server="C:/xamp/htdocs" local="130352856144383302" remote="130352856140000000" />
<file name="s5.jpg" server="C:/xamp/htdocs" local="130352856144633317" remote="130352856140000000" />
<file name="s6.jpg" server="C:/xamp/htdocs" local="130352856144763324" remote="130352856140000000" />
<file name="s7.jpg" server="C:/xamp/htdocs" local="130352856141713150" remote="130352856140000000" />
<file name="s8.jpg" server="C:/xamp/htdocs" local="130352856144573313" remote="130352856140000000" />
<file name="s9.jpg" server="C:/xamp/htdocs" local="130352856144903332" remote="130352856140000000" />
<file name="s10.jpg" server="C:/xamp/htdocs" local="130352856144813327" remote="130352856140000000" />
<file name="SMS-BANNER.jpg" server="C:/xamp/htdocs" local="130352856556626881" remote="130352856550000000" />
<file name="facebook.png" server="C:/xamp/htdocs" local="129411291200000000" remote="129411291200000000" />
<file name="twitter.png" server="C:/xamp/htdocs" local="129411291780000000" remote="129411291780000000" />
<file name="yahoo.png" server="C:/xamp/htdocs" local="129411291960000000" remote="129411291960000000" />
<file name="rss.png" server="C:/xamp/htdocs" local="129411292080000000" remote="129411292080000000" />
<file name="youtube.png" server="C:/xamp/htdocs" local="129411292260000000" remote="129411292260000000" />
<file name="coat-of-arms.png" server="C:/xamp/htdocs" local="130352856292781790" remote="130352856290000000" />
<file name="title_1.png" server="C:/xamp/htdocs/" local="130402986752217999" remote="130402986750000000" />
<file name="bg_bubble.jpg" server="C:/xamp/htdocs/" local="130402986696944838" remote="130402986690000000" />
<file name="menu_bg.png" server="C:/xamp/htdocs/" local="130402986726846548" remote="130402986720000000" />
<file name="header.jpg" server="C:/xamp/htdocs/" local="130402986711485670" remote="130402986710000000" />
<file name="back_content.png" server="C:/xamp/htdocs/" local="130402986695034729" remote="130402986690000000" />
<file name="grey_top_box.png" server="C:/xamp/htdocs/" local="130402986710205597" remote="130402986710000000" />
<file name="grey_bot_bg.png" server="C:/xamp/htdocs/" local="130402986709905579" remote="130402986700000000" />
<file name="grey_bot_box.png" server="C:/xamp/htdocs/" local="130402986710115591" remote="130402986710000000" />
<file name="ls.png" server="C:/xamp/htdocs/" local="130402986725836491" remote="130402986720000000" />
<file name="read_more.png" server="C:/xamp/htdocs/" local="130402986732266858" remote="130402986730000000" />
<file name="read_more2.png" server="C:/xamp/htdocs/" local="130402986732516873" remote="130402986730000000" />
<file name="title_2.png" server="C:/xamp/htdocs/" local="130402986752828034" remote="130402986750000000" />
<file name="title_3.png" server="C:/xamp/htdocs/" local="130402986753098050" remote="130402986750000000" />
<file name="border.png" server="C:/xamp/htdocs/" local="130402986697684880" remote="130402986690000000" />
<file name="message.png" server="C:/xamp/htdocs/" local="130402986727546588" remote="130402986720000000" />
<file name="input.png" server="C:/xamp/htdocs/" local="130402986722666309" remote="130402986720000000" />
<file name="gallery_bg.jpg" server="C:/xamp/htdocs/" local="130402986709085532" remote="130402986700000000" />
<file name="ls2.png" server="C:/xamp/htdocs/" local="130402986726406523" remote="130402986720000000" />
<file name="cal_icon.jpg" server="C:/xamp/htdocs/" local="130402986699274971" remote="130402986690000000" />
<file name="user_icon.png" server="C:/xamp/htdocs/" local="130402986755578192" remote="130402986750000000" />
<file name="com_icon.png" server="C:/xamp/htdocs/" local="130402986702415151" remote="130402986700000000" />
<file name="top_left.png" server="C:/xamp/htdocs/" local="130402986753208056" remote="130402986750000000" />
<file name="top_right.png" server="C:/xamp/htdocs/" local="130402986753698084" remote="130402986750000000" />
<file name="uwezo_header.png" server="C:/xamp/htdocs/" local="130352703291980521" remote="130352703290000000" />
<file name="s1.jpg" server="C:/xamp/htdocs/" local="130352856141853158" remote="130352856140000000" />
<file name="s2.jpg" server="C:/xamp/htdocs/" local="130352856141793154" remote="130352856140000000" />
<file name="s3.jpg" server="C:/xamp/htdocs/" local="130352856144503309" remote="130352856140000000" />
<file name="s4.jpg" server="C:/xamp/htdocs/" local="130352856144383302" remote="130352856140000000" />
<file name="s5.jpg" server="C:/xamp/htdocs/" local="130352856144633317" remote="130352856140000000" />
<file name="s6.jpg" server="C:/xamp/htdocs/" local="130352856144763324" remote="130352856140000000" />
<file name="s7.jpg" server="C:/xamp/htdocs/" local="130352856141713150" remote="130352856140000000" />
<file name="s8.jpg" server="C:/xamp/htdocs/" local="130352856144573313" remote="130352856140000000" />
<file name="s9.jpg" server="C:/xamp/htdocs/" local="130352856144903332" remote="130352856140000000" />
<file name="s10.jpg" server="C:/xamp/htdocs/" local="130352856144813327" remote="130352856140000000" />
<file name="SMS-BANNER.jpg" server="C:/xamp/htdocs/" local="130352856556626881" remote="130352856550000000" />
<file name="facebook.png" server="C:/xamp/htdocs/" local="129411291200000000" remote="129411291200000000" />
<file name="twitter.png" server="C:/xamp/htdocs/" local="129411291780000000" remote="129411291780000000" />
<file name="yahoo.png" server="C:/xamp/htdocs/" local="129411291960000000" remote="129411291960000000" />
<file name="rss.png" server="C:/xamp/htdocs/" local="129411292080000000" remote="129411292080000000" />
<file name="youtube.png" server="C:/xamp/htdocs/" local="129411292260000000" remote="129411292260000000" />
<file name="coat-of-arms.png" server="C:/xamp/htdocs/" local="130352856292781790" remote="130352856290000000" />
<file name="contacts.png" server="C:/xamp/htdocs/" local="130402986704175252" remote="130402986700000000" />
<file name="cal.gif" server="C:/xamp/htdocs/" local="130365091141338481" remote="130365091140000000" />
<file name="submit.png" server="C:/xamp/htdocs/" local="130365133737614849" remote="130365133730000000" />
<file name="house.jpg" server="C:/xamp/htdocs/" local="129414015700000000" remote="129414015700000000" />
<file name="phone.jpg" server="C:/xamp/htdocs/" local="129414015920000000" remote="129414015920000000" />
<file name="contact_icon.jpg" server="C:/xamp/htdocs/" local="129414016200000000" remote="129414016200000000" />
<file name="phone.png" server="C:/xamp/htdocs/" local="129394831640000000" remote="129394831640000000" />
<file name="contact.png" server="C:/xamp/htdocs/" local="129394831480000000" remote="129394831480000000" />
<file name="delete.png" server="C:/xamp/htdocs/" local="130371296479724762" remote="130371296470000000" />
<file name="ajax-loader.gif" server="C:/xamp/htdocs/" local="129318321600000000" remote="129318321600000000" />
<file name="close_btn.png" server="C:/xamp/htdocs/" local="129318321600000000" remote="129318321600000000" />
<file name="close_btn_h.png" server="C:/xamp/htdocs/" local="129318321600000000" remote="129318321600000000" />
<file name="next.png" server="C:/xamp/htdocs/" local="129318323400000000" remote="129318323400000000" />
<file name="next_h.png" server="C:/xamp/htdocs/" local="129318323400000000" remote="129318323400000000" />
<file name="prev.png" server="C:/xamp/htdocs/" local="129318323400000000" remote="129318323400000000" />
<file name="prev_h.png" server="C:/xamp/htdocs/" local="129318323400000000" remote="129318323400000000" />
<file name="t_l.png" server="C:/xamp/htdocs/" local="129318324000000000" remote="129318324000000000" />
<file name="t_r.png" server="C:/xamp/htdocs/" local="129318324000000000" remote="129318324000000000" />
<file name="t_c.png" server="C:/xamp/htdocs/" local="129318324000000000" remote="129318324000000000" />
<file name="c_l.png" server="C:/xamp/htdocs/" local="129318322200000000" remote="129318322200000000" />
<file name="c_r.png" server="C:/xamp/htdocs/" local="129318322200000000" remote="129318322200000000" />
<file name="b_c.png" server="C:/xamp/htdocs/" local="129318321600000000" remote="129318321600000000" />
<file name="b_l.png" server="C:/xamp/htdocs/" local="129318321600000000" remote="129318321600000000" />
<file name="b_r.png" server="C:/xamp/htdocs/" local="129318321600000000" remote="129318321600000000" />
<file name="link_out.png" server="C:/xamp/htdocs/" local="129318322800000000" remote="129318322800000000" />
<file name="link_out_h.png" server="C:/xamp/htdocs/" local="129318322800000000" remote="129318322800000000" />
<file name="play.png" server="C:/xamp/htdocs/" local="129318323400000000" remote="129318323400000000" />
<file name="play_h.png" server="C:/xamp/htdocs/" local="129318323400000000" remote="129318323400000000" />
<file name="pause.png" server="C:/xamp/htdocs/" local="129318323400000000" remote="129318323400000000" />
<file name="pause_h.png" server="C:/xamp/htdocs/" local="129318323400000000" remote="129318323400000000" />
<file name="style.css" server="C:/xamp/htdocs/" local="129318323400000000" remote="129318323400000000" />
<file name="img6.jpg" server="C:/xamp/htdocs/" local="129414552400000000" remote="129414552400000000" />
<file name="uwezo_launch.jpg" server="C:/xamp/htdocs/" local="130352848172887359" remote="130352848170000000" />
<file name="img8.jpg" server="C:/xamp/htdocs/" local="129414552880000000" remote="129414552880000000" />
<file name="img9.jpg" server="C:/xamp/htdocs/" local="129414553160000000" remote="129414553160000000" />
<file name="img10.jpg" server="C:/xamp/htdocs/" local="129414553460000000" remote="129414553460000000" />
<file name="img11.jpg" server="C:/xamp/htdocs/" local="129414553660000000" remote="129414553660000000" />
<file name="img3.jpg" server="C:/xamp/htdocs/" local="129413757180000000" remote="129413757180000000" />
<file name="icon.png" server="C:/xamp/htdocs/" local="130402986714085818" remote="130402986710000000" />
<file name="logo.png" server="C:/xamp/htdocs/" local="130352856292351766" remote="130352856290000000" />
<file name="chukauni.png" server="C:/xamp/htdocs/" local="130400554352972993" remote="130400554350000000" />
</dwsync>