<?xml version="1.0" encoding="utf-8" ?>
<dwsync>
<file name="config.php" server="C:/xamp" local="130359609738024240" remote="130359609730000000" />
<file name="config.php" server="C:/xamp/htdocs" local="130359609738024240" remote="130359609730000000" />
<file name="config.php" server="C:/xamp/htdocs/" local="130386800412125544" remote="130386800410000000" />
<file name="tracker.php" server="C:/xamp/htdocs/" local="130359875366742689" remote="130359875360000000" />
<file name="grouploc.php" server="C:/xamp/htdocs/" local="130362235264495754" remote="130362235260000000" />
<file name="groupreg.php" server="C:/xamp/htdocs/" local="130391687604051150" remote="130391687600000000" />
<file name="validation.php" server="C:/xamp/htdocs/" local="130365077278758208" remote="130365077270000000" />
<file name="groupmembloan.php" server="C:/xamp/htdocs/" local="130391359218187672" remote="130391359210000000" />
</dwsync>