<?xml version="1.0" encoding="utf-8" ?>
<dwsync>
<file name="jquery-1.3.2.min.js" server="C:/xamp/htdocs" local="129318324000000000" remote="129318324000000000" />
<file name="jquery.tools.js" server="C:/xamp/htdocs" local="129318324000000000" remote="129318324000000000" />
<file name="jquery.custom.js" server="C:/xamp/htdocs" local="129318324000000000" remote="129318324000000000" />
<file name="jquery-1.3.2.min.js" server="C:/xamp/htdocs/" local="129318324000000000" remote="129318324000000000" />
<file name="jquery.tools.js" server="C:/xamp/htdocs/" local="129318324000000000" remote="129318324000000000" />
<file name="jquery.custom.js" server="C:/xamp/htdocs/" local="129318324000000000" remote="129318324000000000" />
<file name="validate.js" server="C:/xamp/htdocs/" local="130359813880215861" remote="130359813880000000" />
<file name="pirobox.js" server="C:/xamp/htdocs/" local="129318324000000000" remote="129318324000000000" />
</dwsync>