<?xml version="1.0" encoding="utf-8" ?>
<dwsync>
<file name="index.php" server="C:/xamp" local="130359881934308332" remote="130359881930000000" />
<file name="index.php" server="C:/xamp/htdocs" local="130359881934308332" remote="130359881930000000" />
<file name="styles.css" server="C:/xamp/htdocs" local="130359886931324145" remote="130359886930000000" />
<file name="index.html" server="C:/xamp/htdocs" local="130359877913818374" remote="130359877910000000" />
<file name="styles.css" server="C:/xamp/htdocs/" local="130362180669290285" remote="130362180660000000" />
<file name="index.html" server="C:/xamp/htdocs/" local="130374542366968362" remote="130374542360000000" />
<file name="app2.php" server="C:/xamp/htdocs/" local="130377384048932647" remote="130377384040000000" />
<file name="index.php" server="C:/xamp/htdocs/" local="130409184801298749" remote="130409184800000000" />
<file name="app1.php" server="C:/xamp/htdocs/" local="130389326314718036" remote="130389326310000000" />
<file name="datetimepicker_css.js" server="C:/xamp/htdocs/" local="130371346523473843" remote="130371346520000000" />
<file name="validation.php" server="C:/xamp/htdocs/" local="130371273744737818" remote="130371273740000000" />
<file name="conection.php" server="C:/xamp/htdocs/" local="130365135567619519" remote="130365135560000000" />
<file name="ggg.php" server="C:/xamp/htdocs/" local="130371268810000000" remote="130371268810000000" />
<file name="headers.php" server="C:/xamp/htdocs/" local="130374571562644829" remote="130374571560000000" />
<file name="contactview.php" server="C:/xamp/htdocs/" local="130391704605110015" remote="130391704600000000" />
<file name="gallery.html" server="C:/xamp/htdocs/" local="130371338780077909" remote="130371338780000000" />
<file name="app3.php" server="C:/xamp/htdocs/" local="130373036819093520" remote="130373036810000000" />
<file name="contact.php" server="C:/xamp/htdocs/" local="130391719592655440" remote="130391719590000000" />
<file name="applicant1.php" server="C:/xamp/htdocs/" local="130394599519936294" remote="130394599510000000" />
<file name="session.inc" server="C:/xamp/htdocs/" local="130386722925702776" remote="130386722920000000" />
<file name="applicant2.php" server="C:/xamp/htdocs/" local="130395145558921850" remote="130395145550000000" />
<file name="applicant3.php" server="C:/xamp/htdocs/" local="130395332903980688" remote="130395332900000000" />
<file name="approvaltest.php" server="C:/xamp/htdocs/" local="130391696410000000" remote="130391696410000000" />
<file name="visits.php" server="C:/xamp/htdocs/" local="130391621604936306" remote="130391621600000000" />
<file name="approvalnotice.php" server="C:/xamp/htdocs/" local="130391639351117505" remote="130391639350000000" />
<file name="head.php" server="C:/xamp/htdocs/" local="130396143725199049" remote="130396143720000000" />
<file name="groupreg.php" server="C:/xamp/htdocs/" local="130409218541337848" remote="130409218540000000" />
<file name="groupmembloan.php" server="C:/xamp/htdocs/" local="130391691209398615" remote="130391691200000000" />
<file name="config.php" server="C:/xamp/htdocs/" local="130402990138431680" remote="130402990130000000" />
<file name="conections.php" server="C:/xamp/htdocs/" local="130400556739847922" remote="130400556730000000" />
<file name="shark.php" server="C:/xamp/htdocs/" local="130400610301839815" remote="130400610300000000" />
<file name="sharkhead.php" server="C:/xamp/htdocs/" local="130400608697139963" remote="130400608690000000" />
<file name="modal.php" server="C:/xamp/htdocs/" local="130402976964518175" remote="130402976960000000" />
</dwsync>